<?xml version="1.0" encoding="utf-8" ?><CacheInfo xsi:type='typens:CacheInfo' xmlns:xsi='http://www.w3.org/2001/XMLSchema-instance' xmlns:xs='http://www.w3.org/2001/XMLSchema' xmlns:typens='http://www.esri.com/schemas/ArcGIS/3.3.0'><TileCacheInfo xsi:type='typens:TileCacheInfo'><SpatialReference xsi:type='typens:ProjectedCoordinateSystem'><WKT>PROJCS[&quot;WGS_1984_UTM_Zone_44N&quot;,GEOGCS[&quot;GCS_WGS_1984&quot;,DATUM[&quot;D_WGS_1984&quot;,SPHEROID[&quot;WGS_1984&quot;,6378137.0,298.257223563]],PRIMEM[&quot;Greenwich&quot;,0.0],UNIT[&quot;Degree&quot;,0.0174532925199433]],PROJECTION[&quot;Transverse_Mercator&quot;],PARAMETER[&quot;False_Easting&quot;,500000.0],PARAMETER[&quot;False_Northing&quot;,0.0],PARAMETER[&quot;Central_Meridian&quot;,81.0],PARAMETER[&quot;Scale_Factor&quot;,0.9996],PARAMETER[&quot;Latitude_Of_Origin&quot;,0.0],UNIT[&quot;Meter&quot;,1.0],AUTHORITY[&quot;EPSG&quot;,32644]]</WKT><XOrigin>-5120900</XOrigin><YOrigin>-9998100</YOrigin><XYScale>450445547.3910538</XYScale><ZOrigin>-100000</ZOrigin><ZScale>10000</ZScale><MOrigin>-100000</MOrigin><MScale>10000</MScale><XYTolerance>0.001</XYTolerance><ZTolerance>0.001</ZTolerance><MTolerance>0.001</MTolerance><HighPrecision>true</HighPrecision><WKID>32644</WKID><LatestWKID>32644</LatestWKID></SpatialReference><TileOrigin xsi:type='typens:PointN'><X>406670</X><Y>1462190</Y><SpatialReference xsi:type='typens:ProjectedCoordinateSystem'><WKT>PROJCS[&quot;WGS_1984_UTM_Zone_44N&quot;,GEOGCS[&quot;GCS_WGS_1984&quot;,DATUM[&quot;D_WGS_1984&quot;,SPHEROID[&quot;WGS_1984&quot;,6378137.0,298.257223563]],PRIMEM[&quot;Greenwich&quot;,0.0],UNIT[&quot;Degree&quot;,0.0174532925199433]],PROJECTION[&quot;Transverse_Mercator&quot;],PARAMETER[&quot;False_Easting&quot;,500000.0],PARAMETER[&quot;False_Northing&quot;,0.0],PARAMETER[&quot;Central_Meridian&quot;,81.0],PARAMETER[&quot;Scale_Factor&quot;,0.9996],PARAMETER[&quot;Latitude_Of_Origin&quot;,0.0],UNIT[&quot;Meter&quot;,1.0],AUTHORITY[&quot;EPSG&quot;,32644]]</WKT><XOrigin>-5120900</XOrigin><YOrigin>-9998100</YOrigin><XYScale>450445547.3910538</XYScale><ZOrigin>-100000</ZOrigin><ZScale>10000</ZScale><MOrigin>-100000</MOrigin><MScale>10000</MScale><XYTolerance>0.001</XYTolerance><ZTolerance>0.001</ZTolerance><MTolerance>0.001</MTolerance><HighPrecision>true</HighPrecision><WKID>32644</WKID><LatestWKID>32644</LatestWKID></SpatialReference></TileOrigin><TileCols>256</TileCols><TileRows>256</TileRows><DPI>96</DPI><LODInfos xsi:type='typens:ArrayOfLODInfo'><LODInfo xsi:type='typens:LODInfo'><LevelID>0</LevelID><Scale>377952</Scale><Resolution>100</Resolution></LODInfo></LODInfos><PreciseDPI>96</PreciseDPI></TileCacheInfo><TileImageInfo xsi:type='typens:TileImageInfo'><CacheTileFormat>LERC2D</CacheTileFormat><CompressionQuality>0</CompressionQuality><Antialiasing>false</Antialiasing><BandCount>1</BandCount><LERCError>0.10000000000000001</LERCError></TileImageInfo><CacheStorageInfo xsi:type='typens:CacheStorageInfo'><StorageFormat>esriMapCacheStorageModeCompactV2</StorageFormat><PacketSize>16</PacketSize></CacheStorageInfo></CacheInfo>