{
  "origin" : {
    "x" : 406670,
    "y" : 1462190,
    "spatialReference" : {
      "wkid" : 32644,
      "latestWkid" : 32644
    }
  },
  "extent" : {
    "xmin" : 406670,
    "ymin" : 1421190,
    "xmax" : 425870,
    "ymax" : 1462190,
    "spatialReference" : {
      "wkid" : 32644,
      "latestWkid" : 32644
    }
  },
  "geodataXform" : {
    "spatialReference" : {
      "wkid" : 32644,
      "latestWkid" : 32644
    },
    "type" : "IdentityXform"
  },
  "LODInfos" : {
    "resolutions" : [
      100
    ],
    "levels" : [
      0
    ],
    "scales" : [
      377952
    ],
    "dpi" : 96,
    "type" : "RasterLODInfos"
  },
  "blockWidth" : 256,
  "blockHeight" : 256,
  "bandCount" : 1,
  "pixelType" : 5,
  "pixelSizeX" : 100,
  "pixelSizeY" : 100,
  "format" : "Cache/LERC2D",
  "compressionType" : "LERC",
  "firstPyramidLevel" : 1,
  "maximumPyramidLevel" : 0,
  "packetSize" : 16,
  "compressionQuality" : 100000,
  "pyramidResamplingType" : 0,
  "LERCError" : 0.10000000000000001,
  "properties" : {
    "KIND" : "IMAGE",
    "BAND_COUNT" : "1",
    "HAS_TABLE" : "0",
    "HAS_XFORM" : "0",
    "BandProperties" : [
      {
        "NoData" : "65535",
        "type" : "PropertySet"
      }
    ],
    "DataType" : "Thematic",
    "ComputeChangeParameters" : {
      "Method" : "2",
      "type" : "PropertySet"
    },
    "type" : "PropertySet"
  },
  "statistics" : [
    {
      "min" : 0,
      "max" : 52,
      "mean" : 18.654984966927405,
      "standardDeviation" : 7.902085017277507,
      "sum" : 775581.00000000687,
      "median" : 18,
      "mode" : 18,
      "skipX" : 1,
      "skipY" : 1,
      "count" : 41575
    }
  ],
  "histograms" : [
    {
      "size" : 53,
      "min" : -0.5,
      "max" : 52.5,
      "counts" : [
        261,
        4,
        92,
        493,
        0,
        0,
        147,
        313,
        138,
        912,
        3917,
        2,
        0,
        533,
        327,
        165,
        8,
        170,
        28556,
        56,
        0,
        358,
        149,
        42,
        23,
        1031,
        0,
        0,
        314,
        148,
        0,
        0,
        0,
        88,
        0,
        7,
        1007,
        24,
        217,
        271,
        896,
        21,
        0,
        274,
        1,
        0,
        8,
        30,
        10,
        0,
        0,
        21,
        541
      ]
    }
  ],
  "type" : "RasterInfo"
}