<?xml version="1.0" encoding="UTF-8"?>
<metadata xml:lang="en"><Esri><CreaDate>20241126</CreaDate><CreaTime>18425400</CreaTime><ArcGISFormat>1.0</ArcGISFormat><SyncOnce>TRUE</SyncOnce><DataProperties><lineage><Process ToolSource="c:\program files\arcgis\pro\Resources\ArcToolbox\toolboxes\Data Management Tools.tbx\Rename" Date="20241126" Time="184254">Rename D:\GIS\GIS_Project\GovindhaChennai\Administrative_boundaries_extract_for_Chennai_regional_level__6412645371183171005\Administrative_boundaries_extract_for_Chennai_regional_level__0.shp D:\GIS\GIS_Project\GovindhaChennai\Administrative_boundaries_extract_for_Chennai_regional_level__6412645371183171005\Chennai_Bound_extended.shp ShapeFile</Process></lineage></DataProperties></Esri></metadata>
